Group,Calandrinia,Molluginaceae,Monteae,Montiaceae,NWCalandrinia,Outgroup,Phemeranthus,Portulacineae,Total_Sequences_in_All_Groups,Number_of_Groups_with_Sequences
10951og_1,0,0,0,0,0,2,0,0,2,1
10951og_2,58,1,4,8,7,8,1,7,94,8
13658_2,1,0,0,0,0,0,0,0,1,1
13658_3,1,0,0,0,0,0,0,0,1,1
13658_4,2,0,0,0,0,0,0,0,2,1
15299b,1,0,0,0,0,0,0,0,1,1
15299b_1,1,0,0,0,0,0,0,0,1,1
1537,0,0,0,0,2,0,0,0,2,1
1537_1,2,0,0,0,0,0,0,0,2,1
16142_1,0,0,1,0,0,0,0,0,1,1
16157_1,0,0,0,0,0,0,2,0,2,1
16321_1_1,2,0,0,0,0,0,0,0,2,1
16321_1_2_1,2,0,0,0,0,0,0,0,2,1
16321_1_2_2,1,0,0,0,0,0,0,0,1,1
18627_1,0,0,2,0,0,0,0,0,2,1
19342_1,0,2,0,0,0,0,0,0,2,1
19417,1,0,0,0,0,0,0,0,1,1
19448og_1,0,0,0,0,0,2,0,0,2,1
19448og_2,67,2,5,8,9,10,2,7,110,8
22334og,1,0,0,0,1,0,0,0,2,2
24195_1,2,0,0,0,0,0,0,0,2,1
24434_1,0,0,0,2,0,0,0,0,2,1
24434_3,0,0,2,0,0,0,0,0,2,1
24434_4_1_2,2,0,0,0,0,0,0,0,2,1
24434_4_2,2,0,0,0,0,0,0,0,2,1
24434_5,2,0,0,0,0,0,0,0,2,1
24434_7,1,0,0,0,0,0,0,0,1,1
24434_8,2,0,0,0,0,0,0,0,2,1
2917_2,2,0,0,0,0,0,0,0,2,1
2917_5,2,0,0,0,0,0,0,0,2,1
2917_6,7,0,0,0,0,0,0,0,7,1
2917_7_1,4,0,0,0,0,0,0,0,4,1
3000og_1,0,0,0,0,0,1,0,0,1,1
4237a,0,0,0,0,2,0,0,0,2,1
4237a_2,0,0,0,0,2,0,0,0,2,1
441og1_1,0,0,0,0,0,2,0,0,2,1
6043b,0,0,0,0,2,0,0,0,2,1
6043b_1,0,0,0,0,2,0,0,0,2,1
7482_1,0,0,0,1,0,0,0,0,1,1
8489_1,1,0,0,0,0,0,0,0,1,1
Ambig_apl3_none_1,1,0,0,0,0,0,0,0,1,1
Ambig_apl3_none_2,1,0,0,0,0,0,0,0,1,1
Ambig_apl4_none_2,0,0,0,2,0,0,0,0,2,1
Ambig_apl4_none_3,1,0,0,0,0,0,0,0,1,1
Ambig_asp2_none_1,68,2,7,7,9,11,4,7,115,8
Ambig_dit1_none_1,1,0,0,0,0,0,0,0,1,1
Ambig_nGroup_10860_none_2,2,0,0,0,0,0,0,0,2,1
Ambig_nGroup_12443_none_1,0,0,0,1,0,0,0,0,1,1
Ambig_nGroup_12443_none_3,1,0,0,0,0,0,0,0,1,1
Ambig_nGroup_15299_3_1,2,0,0,0,0,0,0,0,2,1
Ambig_nGroup_15299_3_2,2,0,0,0,0,0,0,0,2,1
Ambig_nGroup_15299_none_1,1,0,0,0,0,0,0,0,1,1
Ambig_nGroup_15299_none_2,1,0,0,0,0,0,0,0,1,1
Ambig_nGroup_1537_none_1,0,0,0,1,0,0,0,0,1,1
Ambig_nGroup_16142_16142_16142og_1,2,0,0,0,0,0,0,0,2,1
Ambig_nGroup_16142_none_1,1,0,0,0,0,0,0,0,1,1
Ambig_nGroup_16157_none,1,0,0,0,0,0,0,0,1,1
Ambig_nGroup_16157_none_1,0,0,1,0,0,0,0,0,1,1
Ambig_nGroup_16157_none_2,1,0,0,0,0,0,0,0,1,1
Ambig_nGroup_18627_none_1,0,0,1,0,0,0,0,0,1,1
Ambig_nGroup_18890_none_2,0,0,0,1,0,0,0,0,1,1
Ambig_nGroup_19153_none_1_2,0,0,0,0,2,0,0,0,2,1
Ambig_nGroup_19153_none_2,0,0,0,0,3,0,0,0,3,1
Ambig_nGroup_19417_19417og_19417_2,8,0,0,0,0,0,0,0,8,1
Ambig_nGroup_20351_none_1,0,0,0,0,2,0,0,0,2,1
Ambig_nGroup_20351_none_2,0,0,0,0,2,0,0,0,2,1
Ambig_nGroup_20351_none_3,0,0,0,0,1,0,0,0,1,1
Ambig_nGroup_2238_2238og_2238_2,1,0,0,0,0,0,0,0,1,1
Ambig_nGroup_2241_2241_2241og_3,2,0,0,0,0,0,0,0,2,1
Ambig_nGroup_2241_none_1,3,0,0,4,2,0,2,0,11,4
Ambig_nGroup_2241_none_2,0,0,0,1,0,0,0,0,1,1
Ambig_nGroup_2241_none_3,0,0,0,0,2,0,0,0,2,1
Ambig_nGroup_2241_none_5,1,0,0,0,0,0,0,0,1,1
Ambig_nGroup_24488_none,0,0,0,2,0,0,0,0,2,1
Ambig_nGroup_2489_none_2,0,0,0,3,0,0,0,0,3,1
Ambig_nGroup_2489_none_3,1,0,0,0,0,0,0,0,1,1
Ambig_nGroup_2489_none_4,5,0,0,0,0,0,0,0,5,1
Ambig_nGroup_2489_none_5_1,7,0,0,0,0,0,0,0,7,1
Ambig_nGroup_2489_none_6,1,0,0,0,0,0,0,0,1,1
Ambig_nGroup_2489_none_8,1,0,0,0,0,0,0,0,1,1
Ambig_nGroup_2917_none,1,0,0,2,0,0,0,0,3,2
Ambig_nGroup_2917_none_1,1,0,0,0,0,0,0,0,1,1
Ambig_nGroup_3058_3,1,0,0,0,0,0,0,0,1,1
Ambig_nGroup_3058_4_1,1,0,0,0,0,0,0,0,1,1
Ambig_nGroup_3292_none_1,3,0,0,0,0,0,0,0,3,1
Ambig_nGroup_4237_3_1,0,0,0,1,0,0,0,0,1,1
Ambig_nGroup_4237_3_2,3,0,0,0,0,0,0,0,3,1
Ambig_nGroup_6043_3_2,0,0,0,0,1,0,0,0,1,1
Ambig_nGroup_6043_3_3,1,0,0,0,0,0,0,0,1,1
Ambig_nGroup_6043_4_2,1,0,0,0,0,0,0,0,1,1
Ambig_nGroup_6043_4_3,2,0,0,0,0,0,0,0,2,1
Ambig_nGroup_6043_6043b_6043a,0,0,0,1,0,0,0,0,1,1
Ambig_nGroup_6043_6043b_6043a_1,0,0,0,0,0,0,0,3,3,1
Ambig_nGroup_6043_none_1,0,0,0,0,2,0,0,0,2,1
Ambig_nGroup_6043_none_2,0,0,0,0,1,0,0,0,1,1
Ambig_nGroup_6043_none_4,0,0,0,0,2,0,0,0,2,1
Ambig_nGroup_6416_3_2,2,0,0,0,0,0,0,0,2,1
Ambig_nGroup_7264_none_1_1_2,0,0,0,0,2,0,0,0,2,1
Ambig_nGroup_7264_none_1_2,0,0,0,0,3,0,0,0,3,1
Ambig_nGroup_7264_none_2,0,0,0,0,3,0,0,0,3,1
Ambig_nGroup_796_4,0,0,0,2,0,0,0,0,2,1
Ambig_nGroup_796_4_1,0,0,0,2,0,0,0,0,2,1
Ambig_nGroup_796_4_2,0,0,0,2,0,0,0,0,2,1
Ambig_nGroup_796_4_3,0,0,0,2,0,0,0,0,2,1
Ambig_nGroup_796_4_4,0,0,0,2,0,0,0,0,2,1
Ambig_nGroup_796_none_2,0,0,0,2,0,0,0,0,2,1
Ambig_nGroup_796_none_5,0,0,0,2,0,0,0,0,2,1
Ambig_nGroup_796_none_6_2,2,0,0,0,0,0,0,0,2,1
Ambig_nGroup_796_none_7,1,0,0,0,0,0,0,0,1,1
Ambig_nGroup_8998_none_1,0,0,0,6,0,0,1,0,7,2
Ambig_nGroup_8998_none_1_2,0,0,0,3,0,0,0,0,3,1
Ambig_nGroup_8998_none_2,0,0,4,0,0,0,0,0,4,1
Ambig_nGroup_8998_none_4,1,0,0,0,0,0,0,0,1,1
Ambig_nGroup_9112_none_1,0,0,0,4,0,0,0,0,4,1
Ambig_nGroup_9112_none_3,1,0,0,0,0,0,0,0,1,1
Ambig_nadpmdh1_none_1,0,0,0,1,0,0,0,0,1,1
Ambig_nadpmdh2_none_2,0,0,0,0,2,0,0,0,2,1
Ambig_pck_none_3,0,0,2,0,0,0,0,0,2,1
Ambig_phyC_none_2,0,0,0,0,1,0,0,0,1,1
Ambig_ppc1_none_1,0,0,0,1,0,0,0,0,1,1
Ambig_ppc1_none_2,0,0,0,0,0,0,4,0,4,1
Ambig_ppc1_none_3,1,0,0,0,0,0,0,0,1,1
Ambig_ppc1_none_4,2,0,0,0,0,0,0,0,2,1
Ambig_ppdk_none_1,0,0,0,0,2,0,0,0,2,1
Ambig_ppt1_none_1,57,2,4,7,9,7,3,7,96,8
Ambig_ppt1_none_2,0,0,0,1,0,0,0,0,1,1
Ambig_ppt2_none_2,0,0,1,0,0,0,0,0,1,1
Ambig_ppt2_none_4,2,0,0,0,0,0,0,0,2,1
Ambig_tdt_none_1,1,0,0,0,0,0,0,0,1,1
Oryza_sativa_cds.10776og.R_OS04G0643000_OS04T0643000-01,0,0,0,0,0,1,0,0,1,1
Oryza_sativa_cds.1706og.R_OS06G0308300_OS06T0308300-01,0,0,0,0,0,1,0,0,1,1
Oryza_sativa_cds_1,0,0,0,0,0,1,0,0,1,1
alaAT_1,60,2,6,7,7,10,3,7,102,8
alaAT_1_1,52,0,7,8,7,0,0,6,80,5
alaAT_1_1_1,0,0,0,6,0,0,3,0,9,2
alaAT_1_1_1_1_1_1,0,0,0,2,0,0,0,0,2,1
alaAT_1_1_1_1_1_2_2,0,0,0,3,0,0,0,0,3,1
alaAT_1_1_1_1_2,0,0,0,2,0,0,0,0,2,1
alaAT_1_1_1_2,0,0,0,2,0,0,0,0,2,1
alaAT_1_1_2_11_1,2,0,0,0,0,0,0,0,2,1
alaAT_1_1_2_11_2,2,0,0,0,0,0,0,0,2,1
alaAT_1_1_2_2,0,0,6,0,0,0,0,0,6,1
alaAT_1_1_2_4,0,0,0,0,2,0,0,0,2,1
alaAT_1_1_2_5,2,0,0,0,0,0,0,0,2,1
alaAT_1_1_2_8,2,0,0,0,0,0,0,0,2,1
alaAT_1_1_2_9_1,2,0,0,0,0,0,0,0,2,1
alaAT_1_1_2_9_2,2,0,0,0,0,0,0,0,2,1
alaAT_1_1_4,0,0,0,0,0,0,0,1,1,1
alaAT_2,0,0,0,0,0,1,0,0,1,1
amk1_1,39,0,4,8,2,0,0,0,53,4
amk1_1_1_1_1,2,0,0,0,0,0,0,0,2,1
amk1_1_1_1_2,2,0,0,0,0,0,0,0,2,1
amk1_1_1_2,2,0,0,0,0,0,0,0,2,1
amk1_2,55,2,8,8,7,9,3,7,99,8
amk1_4,2,0,0,0,0,0,0,0,2,1
amk1_5_2,2,0,0,0,0,0,0,0,2,1
amk1_6,1,0,0,0,0,0,0,0,1,1
amk2,68,2,4,7,9,9,3,7,109,8
apl1_1,0,0,0,1,0,0,0,3,4,2
apl1_2,65,2,8,5,9,10,3,4,106,8
apl1_3,0,0,0,3,1,0,0,0,4,2
apl2_1,69,2,6,8,8,7,3,3,106,8
apl2_1_2,1,0,0,0,0,0,0,0,1,1
apl2_2,0,0,0,0,0,0,0,4,4,1
apl3_1,46,0,4,7,5,0,3,6,71,6
apl3_1_1,1,0,0,2,0,0,2,0,5,3
apl3_1_2_1,0,0,0,6,0,0,0,0,6,1
apl3_1_2_3_1,0,0,0,0,4,0,0,0,4,1
apl3_1_2_4_1,0,0,0,0,5,0,0,0,5,1
apl3_1_2_4_2,0,0,0,0,4,0,0,0,4,1
apl3_2,65,2,6,7,5,7,3,7,102,8
apl3_4,5,0,0,0,0,0,0,0,5,1
apl3_5_2,1,0,0,0,0,0,0,0,1,1
apl4_1,0,0,0,1,1,0,0,1,3,3
apl4_2,68,2,8,8,9,10,3,6,114,8
apl4_3,0,0,0,1,0,0,0,0,1,1
asp1_1,64,2,7,7,1,10,1,4,96,8
asp1_10,3,0,0,0,0,0,0,0,3,1
asp1_11,6,0,0,0,0,0,0,0,6,1
asp1_14,2,0,0,0,0,0,0,0,2,1
asp1_15,13,0,0,0,0,0,0,0,13,1
asp1_17,2,0,0,0,0,0,0,0,2,1
asp1_2,0,0,0,0,0,3,0,0,3,1
asp1_5,0,0,1,0,0,0,0,3,4,2
asp1_6,30,0,0,3,9,0,3,2,47,5
asp1_7,0,0,0,7,0,0,3,0,10,2
asp2_1,0,0,0,6,0,0,0,0,6,1
asp2_10,6,0,0,0,0,0,0,0,6,1
asp2_1_2,0,0,0,3,0,0,0,0,3,1
asp2_3,0,0,3,0,0,0,0,0,3,1
asp2_5,0,0,1,0,0,0,0,0,1,1
asp2_6,4,0,0,0,0,0,0,0,4,1
asp2_8,3,0,0,0,0,0,0,0,3,1
asp3132_1,73,2,7,8,9,10,3,7,119,8
asp3132_1_1_2,0,0,0,2,0,0,0,0,2,1
asp3132_1_1_4,0,0,0,0,1,0,0,0,1,1
asp3132_1_2,0,0,0,0,0,0,0,1,1,1
asp3132_2,70,2,8,7,8,5,3,6,109,8
asp3132_4,0,0,0,2,0,0,0,0,2,1
bass2_2,3,0,0,0,0,0,0,0,3,1
bass2_4,2,0,0,0,0,0,0,0,2,1
bass_1,6,0,0,0,0,0,0,0,6,1
bass_2,60,2,6,8,8,9,3,7,103,8
bass_3,12,0,0,0,0,0,0,0,12,1
bass_6,2,0,0,0,0,0,0,0,2,1
bass_7,7,0,0,0,0,0,0,0,7,1
betaCA1_1,0,0,0,0,0,1,0,0,1,1
betaCA_1,69,2,7,8,8,8,3,7,112,8
betaCA_1_2,0,0,0,0,0,3,0,0,3,1
betaCA_1_3,0,0,0,0,0,2,0,0,2,1
betaCA_1_4_1_1,62,2,7,7,8,0,3,7,96,7
betaCA_1_4_1_1_1_1,0,0,1,7,0,0,0,3,11,3
betaCA_1_4_1_1_1_1_2,0,0,0,3,0,0,0,0,3,1
betaCA_1_4_1_1_1_1_3,0,0,0,1,0,0,0,0,1,1
betaCA_1_4_1_1_1_2,50,0,6,7,2,0,2,6,73,6
betaCA_1_4_1_1_1_2_10,3,0,0,0,0,0,0,0,3,1
betaCA_1_4_1_1_1_2_1_1_1_1_1_1_1_2,0,0,0,3,0,0,0,0,3,1
betaCA_1_4_1_1_1_2_1_1_1_1_1_1_2,0,0,0,2,0,0,0,0,2,1
betaCA_1_4_1_1_1_2_1_1_1_1_1_2,0,0,0,2,0,0,0,0,2,1
betaCA_1_4_1_1_1_2_1_1_1_1_2,0,0,0,2,0,0,0,0,2,1
betaCA_1_4_1_1_1_2_1_1_1_2,0,0,0,2,0,0,0,0,2,1
betaCA_1_4_1_1_1_2_1_1_2,0,0,0,2,0,0,0,0,2,1
betaCA_1_4_1_1_1_2_1_2,0,0,0,2,0,0,0,0,2,1
betaCA_1_4_1_1_1_2_2,0,0,0,3,0,0,0,0,3,1
betaCA_1_4_1_1_1_2_4,3,0,0,0,0,0,0,0,3,1
betaCA_1_4_1_1_1_2_5,2,0,0,0,0,0,0,0,2,1
betaCA_1_4_1_1_1_2_7,2,0,0,0,0,0,0,0,2,1
betaCA_1_4_1_2,61,2,7,8,8,0,3,7,96,7
betaCA_1_4_1_2_2,1,0,0,0,0,0,0,0,1,1
dic_1112_1_1,71,2,6,8,6,11,4,7,115,8
dic_1112_1_1_1_1,67,2,8,7,8,1,1,6,100,8
dic_1112_1_1_1_1_1_2,0,0,0,2,0,0,0,0,2,1
dic_1112_1_1_1_1_1_3,4,0,0,0,0,0,0,0,4,1
dic_1112_1_1_1_1_2,0,0,0,0,0,0,4,0,4,1
dic_1112_1_1_1_1_4,0,0,0,0,0,0,0,3,3,1
dic_1112_1_1_1_2,69,2,5,6,6,2,4,7,101,8
dic_1112_1_1_1_2_1,60,0,5,7,8,0,3,6,89,6
dic_1112_1_1_1_2_1_1_1,0,0,0,2,1,0,1,0,4,3
dic_1112_1_1_1_2_1_1_1_2,0,0,0,3,0,0,0,0,3,1
dic_1112_1_1_1_2_1_1_2,47,0,0,7,8,0,3,0,65,4
dic_1112_1_1_1_2_1_1_2_1,34,0,0,0,0,0,0,0,34,1
dic_1112_1_1_1_2_1_1_2_1_1,3,0,0,0,0,0,0,0,3,1
dic_1112_1_1_1_2_1_1_2_1_2_2,3,0,0,0,0,0,0,0,3,1
dic_1112_1_1_1_2_1_1_2_1_2_3_1,2,0,0,0,0,0,0,0,2,1
dic_1112_1_1_1_2_1_1_2_1_2_3_2,2,0,0,0,0,0,0,0,2,1
dic_1112_1_1_1_2_1_1_2_1_4,1,0,0,0,0,0,0,0,1,1
dic_1112_1_1_1_2_1_2_1,4,0,0,0,0,0,0,0,4,1
dic_1112_1_1_1_2_2_2,0,0,2,0,0,0,0,0,2,1
dic_1112_1_2,0,0,0,0,0,1,0,0,1,1
dic_2_1,0,0,0,0,0,3,0,0,3,1
dic_2_10,3,0,0,0,0,0,0,0,3,1
dic_2_2,52,2,2,5,5,7,1,6,80,8
dic_2_3,22,0,2,6,5,0,3,6,44,6
dic_2_5,9,0,0,3,0,0,3,0,15,3
dic_2_8,5,0,0,0,0,0,0,0,5,1
dit1_1,32,1,6,8,4,0,3,5,59,7
dit1_1_1,0,0,1,1,2,0,0,2,6,4
dit1_1_2_1_1,0,0,0,8,0,0,4,0,12,2
dit1_1_2_1_1_1_2,0,0,0,3,0,0,0,0,3,1
dit1_1_2_1_1_2,0,0,0,3,0,0,0,0,3,1
dit1_1_2_1_2,0,0,6,6,7,0,2,0,21,4
dit1_1_2_1_2_2,0,0,3,0,0,0,0,0,3,1
dit1_1_2_2_2,2,0,0,0,0,0,0,0,2,1
dit1_1_2_2_3,3,0,0,0,0,0,0,0,3,1
dit1_2,61,2,4,8,3,10,3,7,98,8
dit1_3,5,0,0,0,0,0,0,0,5,1
dit1_6,2,0,0,0,0,0,0,0,2,1
dit2_1,10,2,1,6,4,0,3,6,32,7
dit2_1_1,0,0,0,3,0,0,0,4,7,2
dit2_1_2_2,0,0,0,0,2,0,0,0,2,1
dit2_2,59,1,4,8,7,7,3,7,96,8
dit2_4,0,0,0,3,0,0,0,0,3,1
dit2_5_1_1,2,0,0,0,0,0,0,0,2,1
dit2_5_1_2,2,0,0,0,0,0,0,0,2,1
dit2_5_2,3,0,0,0,0,0,0,0,3,1
dit2_8,3,0,0,0,0,0,0,0,3,1
dit2_9,3,0,0,0,0,0,0,0,3,1
nGroup_10776_1,39,1,8,6,8,11,1,7,81,8
nGroup_10776_1_1_1_1,0,0,0,0,1,0,4,0,5,2
nGroup_10776_1_1_1_2_1,21,0,0,0,0,0,0,0,21,1
nGroup_10776_1_1_1_2_1_1,6,0,0,0,0,0,0,0,6,1
nGroup_10776_1_1_1_2_2_2,0,0,0,4,0,0,0,0,4,1
nGroup_10776_1_1_1_2_2_4,0,0,2,0,0,0,0,0,2,1
nGroup_10776_1_1_1_2_2_6,2,0,0,0,0,0,0,0,2,1
nGroup_10776_1_1_1_2_2_8,17,0,0,0,0,0,0,0,17,1
nGroup_10776_1_1_1_2_2_8_2,1,0,0,0,0,0,0,0,1,1
nGroup_10776_1_1_2,0,0,0,2,2,0,0,3,7,3
nGroup_10776_1_2,40,0,8,6,8,0,3,4,69,6
nGroup_10776_1_2_1_1_1,0,0,0,2,0,0,1,0,3,2
nGroup_10776_1_2_1_1_2,0,0,0,2,0,0,0,0,2,1
nGroup_10776_1_2_1_2_2,0,0,0,1,0,0,0,0,1,1
nGroup_10776_1_2_2,28,0,1,5,4,0,0,0,38,4
nGroup_10776_1_2_2_2,0,0,0,0,3,0,0,0,3,1
nGroup_10776_1_2_2_4,1,0,0,0,0,0,0,0,1,1
nGroup_10860_1,1,0,0,0,0,0,4,0,5,2
nGroup_10860_2,68,2,7,7,8,9,0,7,108,7
nGroup_10951_1_1,0,2,0,2,1,0,0,3,8,4
nGroup_10951_1_1_1,0,0,0,0,1,0,0,1,2,2
nGroup_10951_1_2,48,1,7,6,8,0,3,5,78,7
nGroup_10951_1_2_1_1_1_1_1,0,0,0,3,1,0,0,0,4,2
nGroup_10951_1_2_1_1_1_1_2,0,0,0,2,0,0,1,0,3,2
nGroup_10951_1_2_1_1_1_2,1,0,0,1,3,0,3,0,8,4
nGroup_10951_1_2_1_1_2,25,0,0,7,7,0,3,0,42,4
nGroup_10951_1_2_1_1_2_2,0,0,0,2,0,0,0,0,2,1
nGroup_10951_1_2_1_1_2_3,4,0,0,0,0,0,0,0,4,1
nGroup_10951_1_2_1_2,42,0,3,6,4,0,3,0,58,5
nGroup_10951_1_2_1_2_1,7,0,0,0,0,0,0,0,7,1
nGroup_10951_1_2_2_2,5,0,0,0,0,0,0,0,5,1
nGroup_10951_1_2_2_4,2,0,0,0,0,0,0,0,2,1
nGroup_10951_1_2_2_6,2,0,0,0,0,0,0,0,2,1
nGroup_10951_1_2_4,0,0,0,0,0,0,0,2,2,1
nGroup_11253_1,63,1,8,7,6,3,3,7,98,8
nGroup_11253_1_1,43,1,7,6,3,0,2,6,68,7
nGroup_11253_1_1_1_1_1,1,0,1,0,1,0,0,3,6,4
nGroup_11253_1_1_1_1_1_2,0,0,0,0,0,0,0,1,1,1
nGroup_11253_1_1_1_1_2,29,0,0,8,8,0,2,2,49,5
nGroup_11253_1_1_1_1_2_1_1_1_1_1,0,0,0,1,0,0,1,0,2,2
nGroup_11253_1_1_1_1_2_1_1_1_1_2_1,0,0,0,3,1,0,0,0,4,2
nGroup_11253_1_1_1_1_2_1_1_1_1_2_2,0,0,0,3,0,0,0,0,3,1
nGroup_11253_1_1_1_1_2_1_1_1_2,2,0,0,1,0,0,3,0,6,3
nGroup_11253_1_1_1_1_2_1_1_2,1,0,0,1,0,0,3,0,5,3
nGroup_11253_1_1_1_1_2_1_2_1_1_2,0,0,0,8,0,0,0,0,8,1
nGroup_11253_1_1_1_1_2_1_2_1_2,0,0,0,6,0,0,0,0,6,1
nGroup_11253_1_1_1_1_2_1_2_2,0,0,0,6,0,0,0,0,6,1
nGroup_11253_1_1_1_1_2_1_2_3_1_1,0,0,0,0,6,0,0,0,6,1
nGroup_11253_1_1_1_1_2_1_2_3_1_2,0,0,0,0,6,0,0,0,6,1
nGroup_11253_1_1_1_1_2_1_2_3_2,0,0,0,0,2,0,0,0,2,1
nGroup_11253_1_1_1_1_2_1_2_4_2,0,0,0,0,4,0,0,0,4,1
nGroup_11253_1_1_1_1_2_2,10,0,0,5,4,0,3,0,22,4
nGroup_11253_1_1_1_2,29,0,6,6,7,0,3,5,56,6
nGroup_11253_1_1_1_2_1,0,0,0,0,0,0,2,0,2,1
nGroup_11253_1_1_1_2_3_1,0,0,0,0,0,0,0,2,2,1
nGroup_11253_1_1_1_2_4,0,0,0,0,0,0,0,3,3,1
nGroup_11253_1_1_2_1_2,0,0,2,0,0,0,0,0,2,1
nGroup_11253_1_1_2_2,0,0,2,0,0,0,0,0,2,1
nGroup_11253_1_1_2_4,5,0,0,0,0,0,0,0,5,1
nGroup_11253_1_2_1,0,0,0,0,2,0,0,0,2,1
nGroup_11253_1_2_4,2,0,0,0,0,0,0,0,2,1
nGroup_11253_1_2_6,1,0,0,0,0,0,0,0,1,1
nGroup_11253_2,69,1,8,8,6,7,3,7,109,8
nGroup_1213_1,0,0,1,0,0,0,0,1,2,2
nGroup_1213_2,62,2,6,4,4,5,3,6,92,8
nGroup_1213_3,20,0,6,7,6,0,0,0,39,4
nGroup_1213_6,0,0,0,3,0,0,0,0,3,1
nGroup_12443_1,0,0,0,1,1,0,0,2,4,3
nGroup_12443_2,70,2,7,8,8,10,3,5,113,8
nGroup_12443_4,0,0,0,2,0,0,0,0,2,1
nGroup_12443_6,0,0,4,0,0,0,0,0,4,1
nGroup_13658_1_1,0,0,0,1,0,0,0,1,2,2
nGroup_13658_1_2,50,0,3,6,6,0,2,3,70,6
nGroup_13658_1_2_1_1_1_1,0,0,0,1,0,0,1,0,2,2
nGroup_13658_1_2_1_1_1_2,6,0,0,4,4,0,2,0,16,4
nGroup_13658_1_2_1_1_1_2_2,0,0,0,4,0,0,0,0,4,1
nGroup_13658_1_2_1_1_2,0,0,0,3,0,0,1,0,4,2
nGroup_13658_1_2_1_2,22,0,0,5,4,0,3,0,34,4
nGroup_13658_1_2_1_2_1,9,0,1,3,0,0,0,0,13,3
nGroup_13658_1_2_1_2_1_2,1,0,0,0,0,0,0,0,1,1
nGroup_13658_1_2_1_2_2_1_1_1,0,0,0,2,0,0,0,0,2,1
nGroup_13658_1_2_1_2_2_1_1_2_1_1_1,0,0,0,2,0,0,0,0,2,1
nGroup_13658_1_2_1_2_2_1_1_2_1_1_2,0,0,0,1,0,0,0,0,1,1
nGroup_13658_1_2_1_2_2_1_1_2_1_2,0,0,0,1,0,0,0,0,1,1
nGroup_13658_1_2_1_2_2_1_1_2_2,0,0,0,1,0,0,0,0,1,1
nGroup_13658_1_2_1_2_2_2,0,0,0,2,0,0,0,0,2,1
nGroup_13658_1_2_1_2_2_4,0,0,0,0,3,0,0,0,3,1
nGroup_13658_1_2_1_2_2_6,1,0,0,0,0,0,0,0,1,1
nGroup_13658_1_2_2_2,0,0,0,0,2,0,0,0,2,1
nGroup_13658_1_2_2_4,2,0,0,0,0,0,0,0,2,1
nGroup_13658_1_2_2_6,2,0,0,0,0,0,0,0,2,1
nGroup_13658_2,66,2,7,7,7,10,1,6,106,8
nGroup_13658_3,0,0,0,0,2,0,0,0,2,1
nGroup_13658_6,3,0,0,0,0,0,0,0,3,1
nGroup_15299_1,0,2,5,8,4,4,3,7,33,7
nGroup_15299_11,2,0,0,0,0,0,0,0,2,1
nGroup_15299_12,7,0,0,0,0,0,0,0,7,1
nGroup_15299_1_1,2,0,0,1,0,0,3,7,13,4
nGroup_15299_1_1_2,1,0,0,0,0,0,0,0,1,1
nGroup_15299_1_2_1_1_1,0,0,0,6,0,0,0,0,6,1
nGroup_15299_1_2_1_1_1_1_1_1_2,0,0,0,2,0,0,0,0,2,1
nGroup_15299_1_2_1_1_1_1_1_2,0,0,0,3,0,0,0,0,3,1
nGroup_15299_1_2_1_1_1_1_2,0,0,0,3,0,0,0,0,3,1
nGroup_15299_1_2_1_1_1_2,0,0,0,3,0,0,0,0,3,1
nGroup_15299_1_2_1_1_2,0,0,0,7,0,0,0,0,7,1
nGroup_15299_1_2_2,0,0,0,8,0,0,0,0,8,1
nGroup_15299_1_2_3_2,0,0,0,0,2,0,0,0,2,1
nGroup_15299_1_2_4,0,0,0,0,2,0,0,0,2,1
nGroup_15299_2,43,2,5,8,6,10,3,7,84,8
nGroup_15299_5,2,0,0,0,0,0,0,0,2,1
nGroup_15311_1_1,1,0,0,0,1,0,0,2,4,3
nGroup_15311_1_2,40,0,5,7,5,0,3,2,62,6
nGroup_15311_1_2_1_1_1_1,6,0,1,7,5,0,4,0,23,5
nGroup_15311_1_2_1_1_1_1_2,0,0,0,1,0,0,0,0,1,1
nGroup_15311_1_2_1_1_1_1_4,0,0,0,0,1,0,0,0,1,1
nGroup_15311_1_2_1_1_1_2,2,0,0,3,3,0,3,0,11,4
nGroup_15311_1_2_1_1_2,1,0,0,7,1,0,3,0,12,4
nGroup_15311_1_2_1_1_2_1,0,0,0,5,0,0,0,0,5,1
nGroup_15311_1_2_1_1_2_1_1_1_2,0,0,0,1,0,0,0,0,1,1
nGroup_15311_1_2_1_1_2_1_1_2,0,0,0,2,0,0,0,0,2,1
nGroup_15311_1_2_1_1_2_1_2,0,0,0,2,0,0,0,0,2,1
nGroup_15311_1_2_1_2,30,0,1,6,5,0,2,0,44,5
nGroup_15311_1_2_1_2_2,0,0,0,2,0,0,0,0,2,1
nGroup_15311_1_2_2_1_1_1_1,0,0,0,0,2,0,0,0,2,1
nGroup_15311_1_2_2_1_1_1_2,0,0,0,0,2,0,0,0,2,1
nGroup_15311_1_2_2_1_2,0,0,0,0,2,0,0,0,2,1
nGroup_15311_1_2_2_2,0,0,0,0,3,0,0,0,3,1
nGroup_15311_1_2_2_3,0,0,0,0,1,0,0,0,1,1
nGroup_15311_1_2_2_5,3,0,0,0,0,0,0,0,3,1
nGroup_15311_1_2_2_6_2,6,0,0,0,0,0,0,0,6,1
nGroup_15311_2,55,2,4,8,9,7,2,5,92,8
nGroup_1537_1,6,0,0,7,3,0,2,0,18,4
nGroup_1537_1_2,0,0,0,2,0,0,0,0,2,1
nGroup_1537_1_4,0,0,0,0,3,0,0,0,3,1
nGroup_1537_2,65,2,7,7,9,11,3,7,111,8
nGroup_1537_5,38,0,4,6,2,0,0,0,50,4
nGroup_1537_7,0,0,2,0,0,0,0,0,2,1
nGroup_16142_1,0,0,0,0,1,0,0,1,2,2
nGroup_16142_10,16,0,0,0,0,0,0,0,16,1
nGroup_16142_14,3,0,0,0,0,0,0,0,3,1
nGroup_16142_15,5,0,0,0,0,0,0,0,5,1
nGroup_16142_18,3,0,0,0,0,0,0,0,3,1
nGroup_16142_2,43,2,0,7,8,5,4,6,75,7
nGroup_16142_4,5,0,0,3,5,0,0,0,13,3
nGroup_16142_7,37,0,8,0,2,0,0,0,47,3
nGroup_16142_8,5,0,0,0,0,0,0,0,5,1
nGroup_16157_1,60,1,6,8,8,6,3,7,99,8
nGroup_16157_1_1,0,0,0,0,2,0,0,0,2,1
nGroup_16157_1_2_1_1,1,0,0,2,1,0,0,0,4,3
nGroup_16157_1_2_1_2,2,0,0,1,0,0,0,0,3,2
nGroup_16157_1_2_2_1_1,0,0,0,7,0,0,0,0,7,1
nGroup_16157_1_2_2_2,0,0,0,7,0,0,0,0,7,1
nGroup_16157_1_2_2_3_1_1,0,0,0,0,4,0,0,0,4,1
nGroup_16157_1_2_2_3_1_1_2,0,0,0,0,1,0,0,0,1,1
nGroup_16157_1_2_2_3_1_2,0,0,0,0,5,0,0,0,5,1
nGroup_16157_1_2_2_3_2,0,0,0,0,3,0,0,0,3,1
nGroup_16157_1_2_2_5_1,2,0,0,0,0,0,0,0,2,1
nGroup_16157_1_2_2_5_2,2,0,0,0,0,0,0,0,2,1
nGroup_16157_2,62,2,6,8,5,0,3,7,93,7
nGroup_16157_5,0,0,0,0,0,0,2,0,2,1
nGroup_16219_1,70,2,8,8,8,9,4,7,116,8
nGroup_16219_2,2,0,0,0,0,0,0,0,2,1
nGroup_16321_1,26,0,0,2,9,0,0,0,37,3
nGroup_16321_1_2,0,0,0,2,0,0,0,0,2,1
nGroup_16321_1_4,2,0,0,0,0,0,0,0,2,1
nGroup_16321_2,67,0,6,7,1,9,3,7,100,7
nGroup_16321_5,5,0,0,0,0,0,0,0,5,1
nGroup_1706_1,65,2,6,8,9,11,4,7,112,8
nGroup_1706_1_1,1,0,0,0,0,0,3,0,4,2
nGroup_1706_1_2_1_1,37,0,5,3,0,0,0,0,45,3
nGroup_1706_1_2_1_1_2,0,0,5,0,0,0,0,0,5,1
nGroup_1706_1_2_1_1_4,4,0,0,0,0,0,0,0,4,1
nGroup_1706_1_2_1_1_5_2,2,0,0,0,0,0,0,0,2,1
nGroup_1706_1_2_1_1_6,2,0,0,0,0,0,0,0,2,1
nGroup_1706_1_2_1_1_8,2,0,0,0,0,0,0,0,2,1
nGroup_1706_1_2_1_2,46,0,6,8,8,0,0,0,68,4
nGroup_1706_1_2_1_2_2,0,0,0,3,0,0,0,0,3,1
nGroup_1706_1_2_1_2_3_2,2,0,0,0,0,0,0,0,2,1
nGroup_1706_1_2_1_2_4,2,0,0,0,0,0,0,0,2,1
nGroup_1706_1_2_1_2_6,3,0,0,0,0,0,0,0,3,1
nGroup_1706_1_2_2_2,3,0,0,0,0,0,0,0,3,1
nGroup_1706_1_2_2_4,1,0,0,0,0,0,0,0,1,1
nGroup_1706_1_2_2_5,7,0,0,0,0,0,0,0,7,1
nGroup_1706_1_2_2_5_2,2,0,0,0,0,0,0,0,2,1
nGroup_1706_1_4,0,0,0,0,0,0,0,2,2,1
nGroup_17974_1,2,0,0,2,1,0,0,4,9,4
nGroup_17974_2,68,2,8,7,8,8,1,3,105,8
nGroup_17974_4,0,0,0,0,0,0,4,0,4,1
nGroup_18355_1,0,0,1,1,0,0,0,3,5,3
nGroup_18355_2,71,2,8,7,9,7,1,4,109,8
nGroup_18355_4,1,0,0,0,0,0,3,0,4,2
nGroup_18355_6,0,0,0,2,0,0,0,0,2,1
nGroup_18627_1_1,8,0,2,8,3,0,2,2,25,6
nGroup_18627_1_2,63,0,5,5,7,0,2,7,89,6
nGroup_18627_1_2_1_1,0,0,0,8,0,0,1,0,9,2
nGroup_18627_1_2_1_1_2,0,0,0,2,0,0,0,0,2,1
nGroup_18627_1_2_1_2,60,0,7,3,4,0,4,0,78,5
nGroup_18627_1_2_1_2_1,41,0,5,5,5,0,0,0,56,4
nGroup_18627_1_2_1_2_1_1_1,6,0,0,0,0,0,0,0,6,1
nGroup_18627_1_2_1_2_1_1_2,13,0,0,0,0,0,0,0,13,1
nGroup_18627_1_2_1_2_1_2_1_1,6,0,0,0,0,0,0,0,6,1
nGroup_18627_1_2_1_2_1_2_1_2,13,0,0,0,0,0,0,0,13,1
nGroup_18627_1_2_1_2_1_2_2_1_2,3,0,0,0,0,0,0,0,3,1
nGroup_18627_1_2_1_2_1_2_2_2,3,0,0,0,0,0,0,0,3,1
nGroup_18627_1_2_1_2_1_2_2_3,3,0,0,0,0,0,0,0,3,1
nGroup_18627_1_2_1_2_1_2_2_3_2,2,0,0,0,0,0,0,0,2,1
nGroup_18627_1_2_1_2_2_2,0,0,0,0,2,0,0,0,2,1
nGroup_18627_1_2_1_2_2_4,1,0,0,0,0,0,0,0,1,1
nGroup_18627_1_2_1_2_2_5,5,0,0,0,0,0,0,0,5,1
nGroup_18627_1_2_1_2_2_8,1,0,0,0,0,0,0,0,1,1
nGroup_18627_1_2_2_1,2,0,0,0,0,0,0,0,2,1
nGroup_18627_2,69,2,5,8,9,9,3,7,112,8
nGroup_18627_4,0,0,2,0,0,0,0,0,2,1
nGroup_18627_6,0,0,3,0,0,0,0,0,3,1
nGroup_18627_9,0,0,3,0,0,0,0,0,3,1
nGroup_18875_1_1,0,0,0,1,0,0,0,1,2,2
nGroup_18875_1_2,37,0,6,7,7,0,3,6,66,6
nGroup_18875_1_2_1_1_1,0,0,0,2,0,0,1,0,3,2
nGroup_18875_1_2_1_1_2,4,0,0,7,7,0,3,0,21,4
nGroup_18875_1_2_1_1_2_1,1,0,0,7,2,0,0,0,10,3
nGroup_18875_1_2_1_1_2_1_1_2,0,0,0,7,0,0,0,0,7,1
nGroup_18875_1_2_1_1_2_1_2,0,0,0,6,0,0,0,0,6,1
nGroup_18875_1_2_1_1_2_2_1_2,0,0,0,0,4,0,0,0,4,1
nGroup_18875_1_2_1_1_2_2_2,0,0,0,0,5,0,0,0,5,1
nGroup_18875_1_2_1_2,18,0,4,7,6,0,3,0,38,5
nGroup_18875_1_2_1_2_1_1_1,0,0,0,0,2,0,0,0,2,1
nGroup_18875_1_2_1_2_1_1_2,0,0,0,0,2,0,0,0,2,1
nGroup_18875_1_2_1_2_2,0,0,0,0,4,0,0,0,4,1
nGroup_18875_1_2_1_2_3,2,0,0,0,0,0,0,0,2,1
nGroup_18875_1_2_2_2,2,0,0,0,0,0,0,0,2,1
nGroup_18875_1_2_4,0,0,0,0,0,0,0,2,2,1
nGroup_18875_2,62,2,5,8,9,6,3,7,102,8
nGroup_18875_4,0,0,0,0,0,0,2,0,2,1
nGroup_18875_5,4,0,0,0,0,0,0,0,4,1
nGroup_18875_8,2,0,0,0,0,0,0,0,2,1
nGroup_18890_1_1_1,0,0,0,2,0,0,0,0,2,1
nGroup_18890_1_1_2,0,0,0,1,0,0,0,0,1,1
nGroup_18890_1_2,0,0,0,2,0,0,0,0,2,1
nGroup_18890_2,68,2,8,8,8,9,3,7,113,8
nGroup_18890_3,0,0,0,0,2,0,0,0,2,1
nGroup_19153_1_1_1,1,1,0,1,0,0,0,2,5,4
nGroup_19153_1_1_2,1,1,0,0,0,0,3,4,9,4
nGroup_19153_1_1_2_2,1,0,0,0,0,0,3,0,4,2
nGroup_19153_1_2,60,2,7,8,8,0,3,6,94,7
nGroup_19153_1_2_1_1_1,0,0,2,1,2,0,0,0,5,3
nGroup_19153_1_2_1_1_2,1,0,0,8,1,0,0,0,10,3
nGroup_19153_1_2_1_1_2_1,0,0,0,6,0,0,0,0,6,1
nGroup_19153_1_2_1_1_2_2_1_1_2,0,0,0,2,0,0,0,0,2,1
nGroup_19153_1_2_1_1_2_2_1_2,0,0,0,3,0,0,0,0,3,1
nGroup_19153_1_2_1_1_2_2_2,0,0,0,3,0,0,0,0,3,1
nGroup_19153_1_2_1_2,6,0,4,8,8,0,0,0,26,4
nGroup_19153_1_2_1_2_2,6,0,0,0,0,0,0,0,6,1
nGroup_19153_1_2_2_1_1,0,0,2,0,0,0,0,0,2,1
nGroup_19153_1_2_2_1_2,0,0,2,0,0,0,0,0,2,1
nGroup_19153_1_2_2_4,5,0,0,0,0,0,0,0,5,1
nGroup_19153_1_2_2_5,4,0,0,0,0,0,0,0,4,1
nGroup_19153_2,65,2,7,7,5,9,3,7,105,8
nGroup_19342_1_1,2,1,0,0,0,0,0,0,3,2
nGroup_19342_1_2_1,0,0,1,0,1,0,0,2,4,3
nGroup_19342_1_2_2,72,0,8,3,9,8,4,5,109,7
nGroup_19342_1_2_2_1_1,0,0,0,3,2,0,1,0,6,3
nGroup_19342_1_2_2_1_2_1,0,0,0,1,0,0,1,0,2,2
nGroup_19342_1_2_2_1_2_2,0,0,0,4,0,0,0,0,4,1
nGroup_19417_1,0,0,1,0,0,0,0,4,5,2
nGroup_19417_11,0,0,0,0,4,0,0,0,4,1
nGroup_19417_14,0,0,0,0,5,0,0,0,5,1
nGroup_19417_15,3,0,0,0,0,0,0,0,3,1
nGroup_19417_1_2,0,0,0,0,0,0,0,1,1,1
nGroup_19417_2,60,2,5,7,4,10,1,3,92,8
nGroup_19417_5,0,0,0,2,0,0,1,0,3,2
nGroup_19417_6,1,0,0,0,0,0,4,0,5,2
nGroup_19417_7,17,0,5,4,5,0,0,0,31,4
nGroup_19417_9,13,0,0,0,5,0,0,0,18,2
nGroup_19448_1,66,2,7,8,6,0,3,7,99,7
nGroup_19448_1_1_1_1,0,0,1,1,0,0,0,2,4,3
nGroup_19448_1_1_1_2,63,0,6,7,8,0,4,3,91,6
nGroup_19448_1_1_1_2_1_1,2,0,6,6,7,0,0,0,21,4
nGroup_19448_1_1_1_2_1_1_2,0,0,0,1,0,0,0,0,1,1
nGroup_19448_1_1_1_2_1_1_3,0,0,0,0,4,0,0,0,4,1
nGroup_19448_1_1_1_2_1_2,58,0,6,6,4,0,0,0,74,4
nGroup_19448_1_1_1_2_1_2_1_1,0,0,0,2,0,0,0,0,2,1
nGroup_19448_1_1_1_2_1_2_1_2,0,0,0,2,0,0,0,0,2,1
nGroup_19448_1_1_1_2_1_2_3,6,0,0,0,0,0,0,0,6,1
nGroup_19448_1_1_1_2_1_2_5,3,0,0,0,0,0,0,0,3,1
nGroup_19448_1_1_1_2_1_2_8,26,0,0,0,0,0,0,0,26,1
nGroup_19448_1_1_1_2_2_1,4,0,0,0,0,0,0,0,4,1
nGroup_19448_1_1_1_2_2_1_1_1_1_2,2,0,0,0,0,0,0,0,2,1
nGroup_19448_1_1_1_2_2_1_1_1_2_1,2,0,0,0,0,0,0,0,2,1
nGroup_19448_1_1_1_2_2_1_1_1_2_2,2,0,0,0,0,0,0,0,2,1
nGroup_19448_1_1_1_2_2_1_1_2,2,0,0,0,0,0,0,0,2,1
nGroup_19448_1_1_1_2_2_1_2,2,0,0,0,0,0,0,0,2,1
nGroup_19448_1_1_1_2_2_2_1_2,2,0,0,0,0,0,0,0,2,1
nGroup_19448_1_1_1_2_2_2_2,5,0,0,0,0,0,0,0,5,1
nGroup_19448_1_1_2,65,0,7,6,6,0,4,6,94,6
nGroup_19448_1_2_2,2,0,0,0,0,0,0,0,2,1
nGroup_19448_1_2_4,2,0,0,0,0,0,0,0,2,1
nGroup_20351_1,60,1,3,8,6,0,3,3,84,7
nGroup_20351_1_1,0,0,0,1,0,0,1,0,2,2
nGroup_20351_1_2_1_1_1_1,0,0,0,2,0,0,0,0,2,1
nGroup_20351_1_2_1_1_1_2,0,0,0,6,0,0,0,0,6,1
nGroup_20351_1_2_1_1_1_2_1_1_1,0,0,0,2,0,0,0,0,2,1
nGroup_20351_1_2_1_1_1_2_1_1_2,0,0,0,2,0,0,0,0,2,1
nGroup_20351_1_2_1_1_1_2_2,0,0,0,3,0,0,0,0,3,1
nGroup_20351_1_2_1_1_2,0,0,0,7,0,0,0,0,7,1
nGroup_20351_1_2_2,0,0,0,8,0,0,0,0,8,1
nGroup_20351_1_2_3,0,0,0,0,3,0,0,0,3,1
nGroup_20351_1_2_5,2,0,0,0,0,0,0,0,2,1
nGroup_20351_2,71,2,7,8,7,11,3,7,116,8
nGroup_20351_4,0,0,0,0,2,0,0,0,2,1
nGroup_20409_1,66,2,3,6,6,9,1,7,100,8
nGroup_20409_1_2,0,0,0,2,0,0,0,0,2,1
nGroup_20409_1_3,1,0,0,0,3,0,0,0,4,2
nGroup_20409_1_4_2,0,0,5,0,2,0,0,0,7,2
nGroup_20409_1_4_3,3,0,0,0,0,0,0,0,3,1
nGroup_20409_2,0,0,0,0,0,0,4,0,4,1
nGroup_22334_1,61,1,7,6,6,10,4,6,101,8
nGroup_22334_1_1,46,2,6,7,9,0,4,4,78,7
nGroup_22334_1_1_1,0,0,0,0,0,0,0,1,1,1
nGroup_22334_1_1_2_1,0,0,0,1,1,0,0,0,2,2
nGroup_22334_1_1_2_2_1,0,0,0,1,0,0,0,0,1,1
nGroup_22334_1_1_2_2_4_1,0,0,0,2,0,0,0,0,2,1
nGroup_22334_1_1_2_2_4_2,0,0,0,2,0,0,0,0,2,1
nGroup_22334_1_1_2_2_6,0,0,1,0,0,0,0,0,1,1
nGroup_22334_1_1_2_2_7_1,3,0,0,0,0,0,0,0,3,1
nGroup_22334_1_1_2_2_7_2,4,0,0,0,0,0,0,0,4,1
nGroup_22334_1_2_1,0,0,0,0,2,0,0,0,2,1
nGroup_22334_1_2_4,1,0,0,0,0,0,0,0,1,1
nGroup_22334_1_2_6,2,0,0,0,0,0,0,0,2,1
nGroup_2238_1,63,2,8,8,8,11,3,6,109,8
nGroup_2238_2,0,0,0,3,0,0,0,0,3,1
nGroup_2238_3,5,0,0,0,0,0,0,0,5,1
nGroup_2238_5,5,0,0,0,0,0,0,0,5,1
nGroup_2238_7,7,0,0,0,0,0,0,0,7,1
nGroup_2241_1,15,0,5,4,9,0,4,2,39,6
nGroup_2241_11,5,0,0,0,0,0,0,0,5,1
nGroup_2241_1_2,0,0,0,3,0,0,0,0,3,1
nGroup_2241_1_3,0,0,2,0,0,0,0,0,2,1
nGroup_2241_2,52,2,4,7,8,9,4,7,93,8
nGroup_2241_4,41,0,6,4,1,0,0,0,52,4
nGroup_2241_7,2,0,0,0,0,0,0,0,2,1
nGroup_2241_9,3,0,0,0,0,0,0,0,3,1
nGroup_22620_1,19,1,5,3,7,0,4,2,41,7
nGroup_22620_1_1,11,0,2,8,1,0,4,0,26,5
nGroup_22620_1_1_2,0,0,0,1,0,0,0,0,1,1
nGroup_22620_2,58,2,8,4,8,9,1,7,97,8
nGroup_24195_1,1,1,0,0,2,0,0,5,9,4
nGroup_24195_2,67,2,5,6,6,11,3,5,105,8
nGroup_24195_5,17,0,0,4,0,0,3,0,24,3
nGroup_24195_6,52,0,7,6,9,0,1,0,75,5
nGroup_24195_8,2,0,0,0,0,0,0,0,2,1
nGroup_24434_11,0,0,4,0,0,0,0,0,4,1
nGroup_24434_13,3,0,0,0,0,0,0,0,3,1
nGroup_24434_15,2,0,0,0,0,0,0,0,2,1
nGroup_24434_1_1_1_1,3,0,1,5,2,0,0,1,12,5
nGroup_24434_1_1_1_1_2,0,0,0,2,0,0,0,0,2,1
nGroup_24434_1_1_1_1_4,0,0,0,2,0,0,0,0,2,1
nGroup_24434_1_1_1_1_6,0,0,0,0,1,0,0,0,1,1
nGroup_24434_1_1_1_2,1,0,0,0,0,0,0,1,2,2
nGroup_24434_1_1_2,0,0,1,0,0,0,0,1,2,2
nGroup_24434_1_2,14,0,3,7,8,0,1,3,36,6
nGroup_24434_1_2_1_2,0,0,0,3,0,0,0,0,3,1
nGroup_24434_1_2_2,1,0,0,1,0,0,3,0,5,3
nGroup_24434_2,58,2,5,6,9,9,1,6,96,8
nGroup_24434_4,0,0,0,3,0,0,0,0,3,1
nGroup_24434_6,0,0,0,3,0,0,0,0,3,1
nGroup_24434_9,0,0,0,2,0,0,0,0,2,1
nGroup_24488_1,0,0,0,0,1,0,0,1,2,2
nGroup_24488_2,67,2,8,7,8,9,3,6,110,8
nGroup_2489_1,0,0,0,0,1,0,0,3,4,2
nGroup_2489_2,57,2,7,8,8,9,3,4,98,8
nGroup_2489_5,8,0,0,0,0,0,0,0,8,1
nGroup_2917_1,0,0,0,0,1,0,0,1,2,2
nGroup_2917_2,62,2,7,6,9,11,1,5,103,8
nGroup_2917_3,1,0,0,2,1,0,4,0,8,4
nGroup_2917_5,0,0,0,2,0,0,0,0,2,1
nGroup_2917_7,0,0,3,0,0,0,0,0,3,1
nGroup_2917_8,6,0,0,0,0,0,0,0,6,1
nGroup_3000_1,60,2,6,6,7,6,2,6,95,8
nGroup_3000_1_1_1_1,0,0,1,0,0,0,0,1,2,2
nGroup_3000_1_1_1_2_1_2,0,0,0,3,0,0,0,0,3,1
nGroup_3000_1_1_1_2_2,0,0,0,2,0,0,0,0,2,1
nGroup_3000_1_1_1_2_3,21,0,0,0,0,0,0,0,21,1
nGroup_3000_1_1_1_2_3_2,2,0,0,0,0,0,0,0,2,1
nGroup_3000_1_1_1_2_4_2,2,0,0,0,0,0,0,0,2,1
nGroup_3000_1_1_1_2_4_3_2,5,0,0,0,0,0,0,0,5,1
nGroup_3000_1_1_1_2_4_4,1,0,0,0,0,0,0,0,1,1
nGroup_3000_1_1_2,46,0,7,8,8,1,3,7,80,7
nGroup_3000_1_1_2_1,3,0,0,0,0,0,0,0,3,1
nGroup_3000_1_2,0,2,0,0,0,0,0,0,2,1
nGroup_3058_1_1_1,0,0,0,0,0,0,0,1,1,1
nGroup_3058_1_1_2,28,0,0,5,5,0,3,5,46,5
nGroup_3058_1_1_2_2,0,0,0,2,0,0,0,0,2,1
nGroup_3058_1_1_2_3,0,0,0,0,3,0,0,0,3,1
nGroup_3058_1_1_2_5_1,4,0,0,0,0,0,0,0,4,1
nGroup_3058_1_1_2_5_2,3,0,0,0,0,0,0,0,3,1
nGroup_3058_1_2,53,0,5,8,9,0,3,3,81,6
nGroup_3058_1_2_1_1,0,0,0,0,2,0,0,0,2,1
nGroup_3058_1_2_1_2,0,0,0,0,2,0,0,0,2,1
nGroup_3058_1_2_4,0,0,0,0,2,0,0,0,2,1
nGroup_3058_2,65,0,5,7,9,9,3,3,101,7
nGroup_3058_4,5,0,0,0,0,0,0,0,5,1
nGroup_3058_6,5,0,0,0,0,0,0,0,5,1
nGroup_3058_8,2,0,0,0,0,0,0,0,2,1
nGroup_3292_1,0,0,0,1,0,0,0,4,5,2
nGroup_3292_2,69,2,8,8,8,6,3,3,107,8
nGroup_4237_1,5,1,4,7,3,0,3,2,25,7
nGroup_4237_10,0,0,0,4,0,0,0,0,4,1
nGroup_4237_2,62,2,6,8,9,9,3,7,106,8
nGroup_4237_3,37,0,6,4,6,0,3,6,62,6
nGroup_4237_8,0,0,0,6,4,0,4,0,14,3
nGroup_4237_9,0,0,0,2,0,0,1,0,3,2
nGroup_441_1,64,2,6,6,9,6,3,5,101,8
nGroup_441_1_2,0,0,0,0,0,1,0,0,1,1
nGroup_441_1_3_1_1_1,1,0,0,0,0,0,0,4,5,2
nGroup_441_1_3_1_1_2,0,0,0,0,1,0,0,1,2,2
nGroup_441_1_3_1_2,0,0,0,0,1,0,0,1,2,2
nGroup_441_1_3_2,57,0,5,8,8,0,3,2,83,6
nGroup_441_1_3_2_2_1,0,0,0,3,0,0,0,0,3,1
nGroup_441_1_3_2_2_2,0,0,0,3,0,0,0,0,3,1
nGroup_441_1_3_2_4,4,0,0,0,0,0,0,0,4,1
nGroup_441_1_3_2_5,20,0,0,0,0,0,0,0,20,1
nGroup_441_1_3_2_5_2,2,0,0,0,0,0,0,0,2,1
nGroup_441_1_3_2_6_2,5,0,0,0,0,0,0,0,5,1
nGroup_441_1_3_2_6_2_2,2,0,0,0,0,0,0,0,2,1
nGroup_441_1_3_2_8,18,0,0,0,0,0,0,0,18,1
nGroup_441_1_3_2_8_2,2,0,0,0,0,0,0,0,2,1
nGroup_6043_1,0,2,0,3,0,0,0,3,8,3
nGroup_6043_10,0,0,0,6,0,0,0,0,6,1
nGroup_6043_12,0,0,0,3,0,0,0,0,3,1
nGroup_6043_16,4,0,0,0,0,0,0,0,4,1
nGroup_6043_2,61,1,7,6,7,6,2,7,97,8
nGroup_6043_4,53,0,7,7,8,0,1,0,76,5
nGroup_6043_7,1,0,0,1,2,0,3,0,7,4
nGroup_6043_8,21,0,0,6,3,0,3,0,33,4
nGroup_6312_1,32,0,3,5,8,0,0,0,48,4
nGroup_6312_1_2,2,0,0,0,0,0,0,0,2,1
nGroup_6312_2,60,2,8,6,2,8,3,7,96,8
nGroup_6312_3,0,0,0,2,0,0,0,0,2,1
nGroup_6312_4,3,0,0,0,0,0,0,0,3,1
nGroup_6416_1_1,5,0,1,6,3,0,0,1,16,5
nGroup_6416_1_1_2,0,0,0,2,0,0,0,0,2,1
nGroup_6416_1_2,42,0,8,7,7,0,3,5,72,6
nGroup_6416_1_2_1_1_1_1_1,2,0,0,1,0,0,1,0,4,3
nGroup_6416_1_2_1_1_1_1_2_1,0,0,2,5,4,0,1,0,12,4
nGroup_6416_1_2_1_1_1_1_2_2,15,0,2,6,0,0,1,0,24,4
nGroup_6416_1_2_1_1_1_1_2_2_2,1,0,0,0,0,0,0,0,1,1
nGroup_6416_1_2_1_1_1_1_2_2_4,1,0,0,0,0,0,0,0,1,1
nGroup_6416_1_2_1_1_1_2,1,0,0,8,1,0,4,0,14,4
nGroup_6416_1_2_1_1_1_2_1,0,0,0,3,0,0,0,0,3,1
nGroup_6416_1_2_1_1_1_2_2_1_2,0,0,0,1,0,0,0,0,1,1
nGroup_6416_1_2_1_1_1_2_2_2,0,0,0,3,0,0,0,0,3,1
nGroup_6416_1_2_1_1_2,2,0,2,6,5,0,2,0,17,5
nGroup_6416_1_2_1_2,16,0,0,6,7,0,4,0,33,4
nGroup_6416_1_2_1_2_2,0,0,0,0,2,0,0,0,2,1
nGroup_6416_1_2_1_2_4,3,0,0,0,0,0,0,0,3,1
nGroup_6416_1_2_2_1,0,0,0,0,2,0,0,0,2,1
nGroup_6416_1_2_2_4,2,0,0,0,0,0,0,0,2,1
nGroup_6416_1_2_2_5,2,0,0,0,0,0,0,0,2,1
nGroup_6416_2,67,2,8,8,9,9,2,7,112,8
nGroup_6416_4,0,0,2,0,0,0,0,0,2,1
nGroup_6416_6,0,0,3,0,0,0,0,0,3,1
nGroup_6416_8,2,0,0,0,0,0,0,0,2,1
nGroup_7264_1,65,2,8,7,7,3,2,7,101,8
nGroup_7264_1_1_1,43,1,6,6,4,0,3,6,69,7
nGroup_7264_1_1_1_1_1,1,0,0,0,0,0,0,3,4,2
nGroup_7264_1_1_1_1_2,0,0,0,3,0,0,1,3,7,3
nGroup_7264_1_1_1_1_2_2,0,0,0,2,0,0,0,0,2,1
nGroup_7264_1_1_1_2_1_1,2,0,0,2,1,0,0,0,5,3
nGroup_7264_1_1_1_2_1_2,27,0,5,6,2,0,0,0,40,4
nGroup_7264_1_1_1_2_1_2_1_1_2,0,0,0,2,0,0,0,0,2,1
nGroup_7264_1_1_1_2_1_2_1_2,0,0,0,2,0,0,0,0,2,1
nGroup_7264_1_1_1_2_1_2_2,0,0,0,2,0,0,0,0,2,1
nGroup_7264_1_1_1_2_1_2_4,0,0,0,0,2,0,0,0,2,1
nGroup_7264_1_1_1_2_1_2_5,3,0,0,0,0,0,0,0,3,1
nGroup_7264_1_1_2,53,2,7,7,7,0,3,7,86,7
nGroup_7264_1_1_2_2,3,0,0,0,0,0,0,0,3,1
nGroup_7264_1_1_2_4,3,0,0,0,0,0,0,0,3,1
nGroup_7264_1_1_2_5,2,0,0,0,0,0,0,0,2,1
nGroup_7264_1_1_2_6_2,3,0,0,0,0,0,0,0,3,1
nGroup_7264_1_2_2,4,0,0,0,0,0,0,0,4,1
nGroup_7264_2,66,2,8,8,9,9,2,7,111,8
nGroup_7482_1,1,0,0,1,0,0,0,3,5,3
nGroup_7482_2,61,2,8,8,9,10,3,4,105,8
nGroup_7482_5,0,0,0,2,0,0,0,0,2,1
nGroup_7482_6,13,0,0,0,0,0,0,0,13,1
nGroup_7482_8,2,0,0,0,0,0,0,0,2,1
nGroup_7713_1,66,2,7,7,7,4,3,6,102,8
nGroup_7713_1_1,59,1,6,7,6,0,3,5,87,7
nGroup_7713_1_1_1_1,0,0,1,1,0,0,0,2,4,3
nGroup_7713_1_1_1_2,49,0,8,5,4,0,2,5,73,6
nGroup_7713_1_1_1_2_1,20,0,0,8,6,0,2,0,36,4
nGroup_7713_1_1_1_2_1_1_1_1_1_2,0,0,0,2,0,0,0,0,2,1
nGroup_7713_1_1_1_2_1_1_1_1_2,0,0,0,3,0,0,0,0,3,1
nGroup_7713_1_1_1_2_1_1_1_2,0,0,0,3,0,0,0,0,3,1
nGroup_7713_1_1_1_2_1_1_2,0,0,0,3,0,0,0,0,3,1
nGroup_7713_1_1_1_2_1_2,0,0,0,3,0,0,0,0,3,1
nGroup_7713_1_1_1_2_1_3,15,0,0,0,0,0,0,0,15,1
nGroup_7713_1_1_1_2_1_4_1_1_1_2,2,0,0,0,0,0,0,0,2,1
nGroup_7713_1_1_1_2_1_4_1_1_2,3,0,0,0,0,0,0,0,3,1
nGroup_7713_1_1_1_2_1_4_1_2,4,0,0,0,0,0,0,0,4,1
nGroup_7713_1_1_1_2_1_4_2,3,0,0,0,0,0,0,0,3,1
nGroup_7713_1_1_1_2_2_1_1_2,2,0,0,0,0,0,0,0,2,1
nGroup_7713_1_1_1_2_2_1_2,5,0,0,0,0,0,0,0,5,1
nGroup_7713_1_1_1_2_2_2,4,0,0,0,0,0,0,0,4,1
nGroup_7713_1_1_2_1_1,0,0,0,0,1,0,0,0,1,1
nGroup_7713_1_1_2_1_2_2,0,0,0,0,1,0,0,0,1,1
nGroup_7713_1_1_2_2,0,0,0,0,2,0,0,0,2,1
nGroup_7713_1_1_2_4,2,0,0,0,0,0,0,0,2,1
nGroup_7713_1_2_2,0,0,2,0,0,0,0,0,2,1
nGroup_7713_1_2_3,1,0,0,0,0,0,0,0,1,1
nGroup_7713_2,72,2,7,8,8,10,2,7,116,8
nGroup_796_13,0,0,0,2,0,0,0,0,2,1
nGroup_796_17,0,0,0,0,5,0,0,0,5,1
nGroup_796_18,2,0,0,0,0,0,0,0,2,1
nGroup_796_1_1,3,2,4,2,0,0,1,1,13,6
nGroup_796_1_1_1,0,0,0,0,1,0,0,2,3,2
nGroup_796_1_2,0,1,0,8,7,0,4,4,24,5
nGroup_796_1_2_1,0,0,0,2,0,0,0,0,2,1
nGroup_796_2,33,2,7,6,5,8,4,7,72,8
nGroup_796_20,4,0,0,0,0,0,0,0,4,1
nGroup_796_5,3,0,0,2,0,0,0,0,5,2
nGroup_796_6,12,0,4,7,9,0,0,0,32,4
nGroup_796_8,0,0,0,5,0,0,0,0,5,1
nGroup_796_9,0,0,0,2,0,0,0,0,2,1
nGroup_8489_1,0,0,0,3,0,0,1,2,6,3
nGroup_8489_2,63,2,8,3,3,10,4,5,98,8
nGroup_8489_4,12,0,1,7,7,0,0,0,27,4
nGroup_8998_1,0,0,0,1,1,0,0,1,3,3
nGroup_8998_2,65,1,5,2,9,8,4,6,100,8
nGroup_8998_5,3,0,0,0,0,0,0,0,3,1
nGroup_902_1,59,2,8,8,8,10,3,7,105,8
nGroup_902_2,0,0,0,2,0,0,0,0,2,1
nGroup_902_3,3,0,0,0,0,0,0,0,3,1
nGroup_9112_1,1,0,1,0,1,0,0,1,4,4
nGroup_9112_2,70,2,7,6,9,9,3,6,112,8
nadmdh1_1,0,0,0,0,0,1,0,0,1,1
nadmdh_1_1_1,54,2,7,6,1,8,4,6,88,8
nadmdh_1_1_1_1,10,2,0,2,0,3,4,6,27,6
nadmdh_1_1_1_1_1_1_1_1,0,0,0,2,0,0,0,1,3,2
nadmdh_1_1_1_1_1_1_1_2,0,0,0,1,0,0,0,1,2,2
nadmdh_1_1_1_1_1_1_2,0,0,0,0,2,0,0,1,3,2
nadmdh_1_1_1_1_1_2,0,0,0,2,0,0,1,5,8,3
nadmdh_1_1_1_1_1_2_2,0,0,0,2,0,0,0,0,2,1
nadmdh_1_1_1_2_2,0,0,0,2,0,0,0,0,2,1
nadmdh_1_1_1_2_3_1,4,0,0,0,3,0,0,0,7,2
nadmdh_1_1_1_2_3_2,42,0,4,0,6,0,0,0,52,3
nadmdh_1_1_1_2_4_2,0,0,1,0,0,0,0,0,1,1
nadmdh_1_1_1_2_4_4,2,0,0,0,0,0,0,0,2,1
nadmdh_1_1_2,68,1,8,6,7,10,4,6,110,8
nadmdh_1_1_2_2,0,0,0,0,0,4,0,0,4,1
nadmdh_1_1_2_3_1,18,0,2,5,2,0,3,0,30,5
nadmdh_1_1_2_3_1_1,4,0,0,1,0,0,0,0,5,2
nadmdh_1_1_2_3_1_2_1_1_1,0,0,0,1,0,0,0,0,1,1
nadmdh_1_1_2_3_1_2_1_2,0,0,0,3,0,0,0,0,3,1
nadmdh_1_1_2_3_1_2_2,0,0,0,3,0,0,0,0,3,1
nadmdh_1_1_2_3_1_2_3_2,2,0,0,0,0,0,0,0,2,1
nadmdh_1_1_2_3_1_2_4,2,0,0,0,0,0,0,0,2,1
nadmdh_1_1_2_3_2_1,3,0,0,0,0,0,0,0,3,1
nadmdh_1_1_2_3_2_3_1_1,2,0,0,0,0,0,0,0,2,1
nadmdh_1_1_2_3_2_3_1_2,2,0,0,0,0,0,0,0,2,1
nadmdh_1_1_2_3_2_4,5,0,0,0,0,0,0,0,5,1
nadmdh_1_1_2_3_2_6,2,0,0,0,0,0,0,0,2,1
nadmdh_1_1_2_4,63,2,3,7,9,0,1,7,92,7
nadmdh_1_2,71,2,8,8,9,10,2,7,117,8
nadmdh_1_2_1,0,0,0,0,0,2,0,0,2,1
nadmdh_1_2_3,63,1,8,8,8,0,4,4,96,7
nadmdh_1_2_3_1,38,0,0,2,7,0,3,0,50,4
nadmdh_1_2_3_1_1,0,0,0,1,0,0,0,0,1,1
nadmdh_1_2_3_1_3_1,2,0,0,0,0,0,0,0,2,1
nadmdh_1_2_3_1_4,6,0,0,0,0,0,0,0,6,1
nadmdh_1_2_3_2_1,6,0,0,0,0,0,0,0,6,1
nadmdh_1_2_3_2_1_2,2,0,0,0,0,0,0,0,2,1
nadmdh_1_2_3_2_3,4,0,0,0,0,0,0,0,4,1
nadmdh_1_2_4_2,0,0,2,0,0,0,0,0,2,1
nadmdh_1_2_4_4,0,0,0,0,2,0,0,0,2,1
nadme1_1,70,2,8,8,9,10,1,7,115,8
nadme1_1_1,0,0,0,2,0,0,0,0,2,1
nadme1_1_4,1,0,0,0,0,0,0,0,1,1
nadme1_2,1,0,0,0,0,0,4,0,5,2
nadme2_1,63,0,7,7,7,0,3,6,93,6
nadme2_1_1_1,7,0,0,5,3,0,0,0,15,3
nadme2_1_1_2,23,0,3,4,6,0,0,0,36,4
nadme2_1_1_2_2,0,0,2,0,0,0,0,0,2,1
nadme2_1_1_2_3,0,0,0,0,2,0,0,0,2,1
nadme2_1_2_2,0,0,0,1,0,0,0,0,1,1
nadme2_1_3,0,0,0,0,0,0,0,2,2,1
nadme2_2,70,2,8,7,9,11,4,7,118,8
nadme2_4,2,0,0,0,0,0,0,0,2,1
nadpmdh1_1,69,2,0,1,0,10,4,7,93,6
nadpmdh1_2,0,0,8,8,9,0,0,0,25,3
nadpmdh2_1,0,0,0,0,0,5,0,0,5,1
nadpmdh2_10,65,0,8,8,8,0,1,5,95,6
nadpmdh2_11,0,0,0,0,0,0,3,0,3,1
nadpmdh2_13,0,0,0,0,3,0,0,0,3,1
nadpmdh2_15,2,0,0,0,0,0,0,0,2,1
nadpmdh2_18,49,0,7,7,2,0,0,0,65,4
nadpmdh2_19,0,0,0,0,2,0,0,0,2,1
nadpmdh2_2,70,2,8,8,9,11,3,7,118,8
nadpmdh2_21,2,0,0,0,0,0,0,0,2,1
nadpmdh2_24,3,0,0,0,0,0,0,0,3,1
nadpmdh2_25,0,0,2,0,0,0,0,0,2,1
nadpmdh2_26,2,0,0,0,0,0,0,0,2,1
nadpmdh2_29,2,0,0,0,0,0,0,0,2,1
nadpmdh2_3,68,2,8,8,7,0,3,7,103,7
nadpmdh2_31,2,0,0,0,0,0,0,0,2,1
nadpmdh2_32,0,0,0,0,0,0,0,2,2,1
nadpmdh2_34,2,0,0,0,0,0,0,0,2,1
nadpmdh2_7,0,0,0,1,0,0,0,1,2,2
nadpmdh2_9,0,0,0,1,0,0,0,1,2,2
nadpme_1_1,65,2,7,7,8,2,2,7,100,8
nadpme_1_1_1,55,0,5,6,6,0,2,5,79,6
nadpme_1_1_1_2,0,0,0,5,0,0,0,0,5,1
nadpme_1_1_1_4,5,0,0,0,0,0,0,0,5,1
nadpme_1_1_1_5_1,2,0,0,0,0,0,0,0,2,1
nadpme_1_1_1_5_2,2,0,0,0,0,0,0,0,2,1
nadpme_1_1_1_8,6,0,0,0,0,0,0,0,6,1
nadpme_1_1_2_2,0,0,0,2,0,0,0,0,2,1
nadpme_1_1_2_4,0,0,2,0,0,0,0,0,2,1
nadpme_1_1_2_6,0,0,0,0,1,0,0,0,1,1
nadpme_1_2,62,2,8,8,6,5,3,5,99,8
nadpme_1_2_1,1,1,0,6,0,0,2,1,11,5
nadpme_1_2_2_1_1_1_1_1,0,0,0,0,2,0,0,4,6,2
nadpme_1_2_2_1_1_1_1_2,0,0,0,1,0,0,0,1,2,2
nadpme_1_2_2_1_1_1_2,0,0,0,2,0,0,1,2,5,3
nadpme_1_2_2_1_1_2,0,0,0,3,0,0,3,4,10,3
nadpme_1_2_2_1_1_2_2,0,0,0,0,0,0,3,0,3,1
nadpme_1_2_2_1_2,18,0,7,7,9,0,2,5,48,6
nadpme_1_2_2_2_1,0,0,1,0,0,0,0,0,1,1
nadpme_1_2_2_2_3_1,2,0,0,0,0,0,0,0,2,1
nadpme_1_2_2_2_3_2,8,0,0,0,0,0,0,0,8,1
nadpme_1_2_2_2_5_2,2,0,0,0,0,0,0,0,2,1
nadpme_1_2_2_2_6,2,0,0,0,0,0,0,0,2,1
nadpme_1_2_2_2_8,4,0,0,0,0,0,0,0,4,1
nadpme_2,67,2,8,8,9,9,4,7,114,8
nadpme_4,5,0,0,0,0,0,0,0,5,1
nadpme_6,2,0,0,0,0,0,0,0,2,1
nhd_1_1,2,0,0,4,4,0,2,2,14,5
nhd_1_2,62,0,8,6,5,0,3,6,90,6
nhd_1_2_1,36,0,3,7,3,0,0,0,49,4
nhd_1_2_1_1_1,0,0,0,2,0,0,0,0,2,1
nhd_1_2_1_1_2,0,0,0,2,0,0,0,0,2,1
nhd_1_2_1_3,4,0,0,0,0,0,0,0,4,1
nhd_1_2_1_4_1,2,0,0,0,0,0,0,0,2,1
nhd_1_2_1_4_2_1,7,0,0,0,0,0,0,0,7,1
nhd_1_2_1_4_2_1_2,2,0,0,0,0,0,0,0,2,1
nhd_2,71,2,8,8,8,10,3,6,116,8
nhd_4,0,0,0,0,0,0,2,0,2,1
pck_1,66,2,8,6,8,6,3,5,104,8
pck_10,6,0,0,0,0,0,0,0,6,1
pck_12,3,0,0,0,0,0,0,0,3,1
pck_2,0,0,0,0,0,2,0,0,2,1
pck_3,0,1,0,0,1,0,0,1,3,3
pck_6,0,0,0,3,0,0,0,0,3,1
pck_7,0,0,0,3,0,0,0,0,3,1
pck_8,0,0,0,3,0,0,0,0,3,1
phyC_10,0,0,0,2,0,0,0,0,2,1
phyC_12,7,0,0,0,0,0,0,0,7,1
phyC_13,4,0,0,0,0,0,0,0,4,1
phyC_1_1,23,0,1,6,7,0,0,0,37,4
phyC_1_1_2,0,0,0,4,0,0,0,0,4,1
phyC_1_1_4,0,0,0,0,3,0,0,0,3,1
phyC_1_2,13,0,1,6,3,0,2,2,27,6
phyC_3,1,0,0,1,1,0,0,7,10,4
phyC_4,61,2,7,5,8,1,4,0,88,7
phyC_6,0,0,0,0,0,0,0,1,1,1
phyC_9,0,0,0,3,1,0,0,0,4,2
ppc-1E2_1,0,0,0,0,0,0,0,1,1,1
ppc1_1,69,2,7,8,8,5,4,5,108,8
ppc1_1_1_1_1_1_1_1_1_1,0,0,0,1,0,0,0,1,2,2
ppc1_1_1_1_1_1_1_1_1_2,1,0,0,1,1,0,0,3,6,4
ppc1_1_1_1_1_1_1_1_2,1,0,1,2,0,0,0,6,10,4
ppc1_1_1_1_1_1_1_2,0,0,0,0,2,0,0,1,3,2
ppc1_1_1_1_1_1_2,0,0,0,0,1,0,0,1,2,2
ppc1_1_1_1_1_2,70,0,4,5,7,0,0,3,89,5
ppc1_1_1_1_1_2_1,1,0,0,0,0,0,4,0,5,2
ppc1_1_1_1_1_2_2_1_1,0,0,0,3,0,0,1,0,4,2
ppc1_1_1_1_1_2_2_1_2,0,0,0,2,0,0,1,0,3,2
ppc1_1_1_1_1_2_2_2_2,0,0,0,3,0,0,0,0,3,1
ppc1_1_1_1_1_2_2_2_4,0,0,1,0,0,0,0,0,1,1
ppc1_1_1_1_1_2_2_2_6,1,0,0,0,0,0,0,0,1,1
ppc1_1_1_1_1_2_2_2_8,1,0,0,0,0,0,0,0,1,1
ppc1_1_1_1_1_2_2_2_9,3,0,0,0,0,0,0,0,3,1
ppc1_1_1_1_2,1,0,4,1,8,0,3,4,21,6
ppc1_1_1_1_2_2,0,0,0,0,0,0,3,0,3,1
ppc1_1_1_1_2_3,0,0,1,0,0,0,0,0,1,1
ppc1_1_1_1_2_5,0,0,0,0,2,0,0,0,2,1
ppc1_1_1_2,0,0,0,1,0,0,0,1,2,2
ppc1_1_2_1,0,0,0,2,0,0,0,0,2,1
ppc1_1_2_3,0,0,4,0,0,0,0,0,4,1
ppc1_1_2_4_1,0,0,1,0,0,0,0,0,1,1
ppc1_1_2_5,51,0,0,0,0,0,0,0,51,1
ppc1_1_2_5_2,1,0,0,0,0,0,0,0,1,1
ppc1_1_2_5_4,2,0,0,0,0,0,0,0,2,1
ppc1_1_2_5_6,2,0,0,0,0,0,0,0,2,1
ppc1_1_2_5_8,3,0,0,0,0,0,0,0,3,1
ppc1_1_2_6_2,5,0,0,0,0,0,0,0,5,1
ppc1_1_2_6_4,2,0,0,0,0,0,0,0,2,1
ppc1_1_2_6_6,2,0,0,0,0,0,0,0,2,1
ppc1_2,69,2,7,8,9,4,1,5,105,8
ppc1_3,1,0,0,0,1,0,0,2,4,3
ppc1_9,4,0,0,0,0,0,0,0,4,1
ppc2_1,59,2,6,8,7,9,4,7,102,8
ppc2_2,0,0,0,0,3,0,0,0,3,1
ppdk_1,1,1,0,0,1,0,3,5,11,5
ppdk_2,63,2,8,5,8,9,1,3,99,8
ppdk_3,0,0,0,0,0,0,0,4,4,1
ppdk_5,0,0,0,0,0,0,3,0,3,1
ppdk_7,0,0,0,2,1,0,0,0,3,2
ppt2_1,66,0,7,3,4,9,3,7,99,7
ppt2_1_1_2,0,0,2,0,0,0,0,0,2,1
ppt2_1_1_4,1,0,0,0,0,0,0,0,1,1
ppt2_1_2,1,0,0,0,0,0,0,0,1,1
ppt2_2,48,2,6,7,6,0,3,6,78,7
ppt2_3,0,0,0,0,1,0,0,1,2,2
ppt2_5,0,0,0,1,0,0,0,0,1,1
ppt2_6,21,0,0,0,0,0,0,0,21,1
rbcs_1_1_1_1_1_1_1,0,1,0,1,0,0,0,1,3,3
rbcs_1_1_1_1_1_1_2,1,1,0,1,0,0,3,3,9,5
rbcs_1_1_1_1_1_1_2_1,0,0,0,1,0,0,1,0,2,2
rbcs_1_1_1_1_1_2,0,1,0,7,0,0,3,4,15,4
rbcs_1_1_1_1_1_2_1,0,0,0,0,0,0,2,0,2,1
rbcs_1_1_1_1_2,0,1,0,7,0,0,3,5,16,4
rbcs_1_1_1_2,40,1,0,7,8,0,3,6,65,6
rbcs_1_1_1_2_2,2,0,0,0,0,0,0,0,2,1
rbcs_1_1_1_2_3_1_1,3,0,0,0,0,0,0,0,3,1
rbcs_1_1_1_2_3_1_2,3,0,0,0,0,0,0,0,3,1
rbcs_1_1_1_2_3_2,3,0,0,0,0,0,0,0,3,1
rbcs_1_1_1_2_4_1,3,0,0,0,0,0,0,0,3,1
rbcs_1_1_1_2_6,2,0,0,0,0,0,0,0,2,1
rbcs_1_1_1_2_7_1_1,3,0,0,0,0,0,0,0,3,1
rbcs_1_1_1_2_7_1_2,3,0,0,0,0,0,0,0,3,1
rbcs_1_1_1_2_7_2,6,0,0,0,0,0,0,0,6,1
rbcs_1_1_2,47,1,0,6,6,0,3,6,69,6
rbcs_1_1_2_2,0,0,0,0,3,0,0,0,3,1
rbcs_1_1_2_4,2,0,0,0,0,0,0,0,2,1
rbcs_1_2,57,1,7,6,9,0,3,7,90,7
rbcs_1_2_2,0,0,0,0,0,0,2,0,2,1
rbcs_1_2_3,0,0,2,0,0,0,0,0,2,1
rbcs_1_2_5,2,0,0,0,0,0,0,0,2,1
rbcs_2,66,2,7,8,9,10,3,7,112,8
tdt_1,52,2,5,8,9,8,3,7,94,8
